,a-bank,alpari bank,altbank,ap bank,asvio bank,b concord,b industrialbank,b lviv,bank 3/4,bank alliance,bank avangard,bank credit dnipro,bank familny,bank for investments and savings,bank grant,bank portal,bank trust-capital,bank ukrainian capital,bank vostok,bta bank,cb accordbank,cb globus,cb privatbank,citibank,clearing house,cominvestbank,credit agricole bank,credit europe bank,creditwest bank,crystalbank,deutsche bank dbu,eib,first investment bank,fuib,ibox bank,idea bank,iib,ing bank ukraine,kredobank,metabank,motor-bank,mtb bank,okci bank,oschadbank,otp bank,piraeus bank icb,pivdennyi bank,policombank,poltava-bank,pravex bank,procredit bank,radabank,raiffeisen bank,rws bank,seb corporate bank,sense bank,sky bank,tascombank,ukrainian bank for reconstruction and development,ukrconstinvestbank,ukreximbank,ukrgasbank,ukrsibbank,unex bank,universal bank
2020/01/01,8203238.354790001,244259.26689,1364443.6477,1140583.49236,1103287.6619000002,2092995.52669,4247285.652249999,3231086.67535,956290.31979,3608932.30739,1050653.66968,11391586.67533,458849.95081,4249216.53843,1544329.0978799998,321051.26496,301212.85855,1081680.63572,11047466.4611,553476.7579,3075877.8645,4121863.76005,552058120.19656,31456731.65644,2868924.9654300003,1304074.06138,37243986.69776,1407839.60513,1682666.44318,1746361.7192000002,2748887.4933,595583.45402,1892599.696,63215304.791310005,1269804.70751,7879807.35813,3775683.00146,13838802.20264,19867892.6163,954765.73617,1230834.46366,5662695.19464,515248.21826000005,314674544.63779,49297258.14787,3052874.13236,28155627.938270003,728013.21539,2632749.69513,5804986.49923,24321817.12118,2098468.44656,95158659.83119,1110606.54312,1980316.92009,87904918.81477,562809.9508499999,19965214.69026,242689.14643,1224520.80124,202212327.76908,127452510.65572,55546454.7834,1081987.4521700002,20103053.96487
2020/02/01,8779968.31421,314127.34159,915449.31785,1377597.83887,1088293.51278,1912228.66948,4277544.59356,3365671.3970400007,923877.95265,3766412.50744,1150326.44176,12426417.12875,441884.7386,4202336.91624,1576585.71949,322287.13042,307293.76852,965440.71448,12278154.15683,607727.92405,3094765.51782,3573019.60802,555361374.54915,32702087.42029,2832582.08087,1238732.94951,40391678.25660001,1143522.84271,1631117.72488,2175427.90513,2991427.13697,590023.91519,1591833.76927,64726408.54092,1022020.99307,8280462.506519999,3689745.70262,13068016.52444,19500274.16212,1021182.63061,1185502.18445,5839389.26118,522423.4342100001,334445381.63472,50636047.78637,3241215.84026,28936676.46491,796173.03097,2639112.40538,5818494.85809,24556079.92014,2175826.52646,89999648.10434,1269775.93881,2054909.42658,89918224.04138,572644.01882,19800474.60751,292417.42664,1191446.93331,207603127.07541,138423098.64013,56499217.0449,933065.36365,20751681.99397
2020/03/01,8947650.15371,299154.98370999994,966002.34272,1222564.32831,1170875.3351300005,1911293.48681,4287360.26011,3392043.34518,837889.57816,3759085.77588,1115787.86197,12494039.79473,438953.24975,4420952.9347,1606290.5826800002,340728.69425,308746.95537000004,908136.86917,11901648.72785,558786.9052500001,2936565.66805,4147242.97295,560700425.18351,33449865.269460004,3077044.9000100004,1238011.19448,42273586.48001,970093.51131,1632518.82192,2201068.4032500004,2733919.63067,605046.68616,1479214.3932200002,66130007.11611,1051093.91666,8553038.073210001,3633869.03117,11983600.455279998,19570813.13438,990583.00925,1444511.95828,6138004.513370001,467585.11391,313457973.19079,53004917.63356001,3232472.98451,28511949.81811,843206.99613,2609930.44997,5764046.79303,24846672.56617,2169949.91651,92275102.37746,1290917.49091,1730913.82113,89810827.5767,574069.99345,19592936.366510004,340527.48693,1106730.9225700002,205152041.75574,148285071.24385,57139544.51899,928443.51417,22015505.59819
2020/04/01,8648673.338860001,259423.05262,1504498.37817,1194218.2578299998,1092517.1646899998,1912616.83257,4288393.74669,3458206.88914,1202832.26998,3939913.78433,1477762.7625,13188130.81444,410952.74533,5113575.5871,1620344.46596,351918.05114,299330.53319,956821.60798,12366704.1787,518308.26508,2518762.4777,3737759.96334,572099553.99411,31728819.18193,3039397.96951,1312681.08347,45247765.36816,1004082.85148,1620414.85255,2344391.10307,3230925.16763,655182.94218,1710349.44336,68489365.68944001,964064.02364,8292442.16216,5040736.62493,12577893.1498,20992289.450060003,1074643.27056,1347271.67559,6077793.32583,489671.76555,314429347.87083,54215401.43382,3371176.31706,28878805.36364,751637.9845599999,2628385.50623,5989054.0258,26215528.13922,2170134.86406,98662062.16263,1022921.57183,1656948.78535,99273835.81139,576349.61871,20787506.56705,348856.12776,1040633.21264,217523691.07313,140626317.17256,61851226.8108,877550.09051,23330681.34475
2020/05/01,8477947.462129999,281683.1689,1579878.14281,1432088.8662000005,1098352.33881,1839076.08251,4312700.77078,3379568.86917,1126766.82912,3670544.81449,1378123.75569,13106121.08415,481695.96233000007,4868207.87127,1600869.57989,355670.52166,298935.33419,945574.592,12253705.18999,494997.73964,2816070.28183,3536568.87949,580817281.71742,24066261.10586,3219120.69959,1293607.31258,44310008.35676,915957.06477,1653492.02299,2117530.81283,3019993.64301,627158.81244,1623093.72662,68044261.31123,1085919.63537,8086710.46575,4916486.94455,11434617.00594,19980153.738,1035704.5268,1332349.6810700002,6387875.350849999,471906.24328,310394753.83647,51414315.18471,3265161.79512,27498320.04441,797495.4331,2777255.19816,5690061.34638,25646227.89928,2236511.91915,97134964.84278,1008354.96409,1642581.86149,93485715.62047,586139.93734,20631237.86721,313167.00114,1174162.62131,216163647.50566003,148588647.82445,61203478.16245,875961.06289,24090396.33083
2020/06/01,8678346.041860001,309624.87651,1492603.84413,1490607.07177,1101242.78318,2085416.3817,4375511.280540001,3427419.96987,1135103.37439,3983277.27388,2058269.04001,12753710.3727,437095.23316,5006585.03681,1629741.78725,347898.39409,306634.18411,949749.85086,12402881.84134,497083.65616,3108510.67103,3920442.99474,590589958.4092,25441357.04177,3375138.5976499994,1266552.9952699998,44032465.00717,945802.77858,1676807.4832499998,2277600.65337,4171503.18971,580088.71044,1799431.61886,67569016.42859,1120730.59369,8235010.865079999,4201559.53626,11915437.64791,20698069.98952,1055325.65628,1235583.05969,7205580.029119999,479104.45019,310783639.17161,52280904.50405001,3227701.06251,27644833.81138,777920.80574,2807619.19167,5740449.34139,25854827.75487,2402539.18548,100896306.84986998,1116679.46874,1862964.71302,94113244.53354,638156.52844,20674726.49982,314996.99482,1081086.78726,220707991.61582,156433838.18212,62158454.76909,874359.59316,24918566.63765
2020/07/01,8964535.233860001,253377.37407,1730154.63811,1499978.58865,1101849.90408,2122849.5420500003,4564455.27186,3635052.46606,1277105.52312,4615716.53421,1817186.59112,12179864.83615,421467.47665,5463439.40861,1709790.64541,355785.81259,295073.96439000004,957899.24802,13201089.77631,477983.64754,3400027.2765299994,3968109.2577,576387664.35504,29162548.24311,3406657.8959000004,1315285.18354,44540175.13486,1030388.86647,1638148.08105,2236585.11759,3186060.33402,571044.3343199999,2154690.35782,68349914.78168999,1591233.40739,8360989.461360001,4131920.70506,11779531.01648,21723818.41174,1081171.01822,1274730.2294,6948845.5284400005,515909.00112,272170777.17387,54070272.94593,3274181.45086,29836894.331710003,762921.99835,2877437.58303,6080862.60106,25868107.487510003,2500479.25088,102345213.57938,1286613.98513,2052621.1074900003,98194375.08623,715141.58193,21231506.07278,340672.04281,1137491.04103,226728764.12284,156672936.18175998,65401554.86207999,904905.54601,25197060.289120004
2020/08/01,9264703.75843,247097.83056,1527323.6485799998,1539825.54286,1108809.58832,2028644.75289,4556377.76085,3916029.38571,1229026.67478,5149745.238519999,1727218.51208,12902327.76091,452427.85086,4853230.74813,1719395.10547,348280.36972,369230.12577,1076063.72439,12849369.266729996,395575.92041,3692596.79321,4227474.22347,585208192.92047,30674938.75298,3406597.10748,1339613.39284,47123095.14486,994830.90702,1775090.0275,2436187.7784,2813442.07094,593187.2358499999,1734906.56612,73989701.69475,1552444.47683,8346042.30504,4340081.17159,13107876.06414,22483629.91908,1199786.00133,1293995.02108,6927143.63373,543821.5370499999,275812938.14492,57052048.49401,3385138.77899,31293968.54542,787014.89276,2991150.15492,6691137.867109999,27374984.04548,2685774.12342,104172421.63068,1248720.49896,2178237.59871,101379457.98792,745914.3167600001,21557883.380730003,411450.29371,1164816.27317,239045390.93567,163125636.54148003,68630637.18428,913879.09502,27230897.89369
2020/09/01,9527431.65087,243168.79249,1309170.6978,1527686.9985399998,1139726.88064,2224491.60561,4487806.71704,4021731.84217,1401314.917,4840016.09257,1872950.56162,12937690.93651,422467.13355,4286328.901629999,1730731.93835,380267.31353,374275.69554,1049195.51567,13317904.45981,388554.49443,5044693.73971,4548463.51252,591896422.06266,31123845.35875,3570492.26821,1367737.32484,47685495.24033,1005455.62147,1783621.92618,2958163.39891,3258738.27639,626293.7869,1599246.78339,75446879.52658999,1653544.5721,8287403.18744,4243499.08033,12988570.2539,22968359.24392,1211329.34009,1297949.55596,7342833.509190001,550272.45579,271680581.9245,59097352.37013,3398489.1275600004,32113890.090480004,787729.452,3024540.58459,6538830.051290001,27274046.7325,2767797.54136,105208008.88538,1437877.11325,2451297.69939,100488850.70116,722825.19373,22579258.45439,421023.67432,1341159.1566799998,235375067.47682,161797772.88436,67146116.37268,803702.72645,28049007.197070003
2020/10/01,9959092.45229,245112.04666,1241898.25861,1710838.87814,1263301.86493,2341722.9644600004,4389039.584319999,4153644.86707,1360914.0753,5379072.580829999,2109233.6224299995,13149825.29343,388535.56048,4481968.15828,1752818.94381,344045.15643,409476.15732,1116791.36692,14077194.92839,385611.89617,4374813.074519999,4286801.69504,600145190.2381,31160733.30547,3377233.85833,1417399.38574,49521871.28898,937911.30892,1864173.2842,3138902.27004,2792358.3346800003,622625.54305,1692469.9982,80499496.28237,1954296.818,8057465.16762,4416179.33538,14672126.12891,23966824.48816,1198225.45953,1524672.60438,6959225.587049999,612206.04923,266290179.86523,60731538.26252,3348189.37564,32325196.94719,813855.02838,3049987.0649,6874555.30264,26981699.88532,2887349.70424,109230189.84536,1889775.10418,2497659.16959,101640098.57208,775665.8614,23222848.61612,434368.69309,1253311.79221,226634076.38953,165551760.53872,69464839.65865,796826.5998000001,28890951.94539
2020/11/01,10284910.74064,247064.57481,1136970.5152500002,1604823.58297,1242494.19624,2606643.23093,4395429.73363,4165289.84099,1351209.79498,5412668.737199999,1738555.21604,14749951.93572,420371.03886,4678091.17286,1863065.6238,345664.50846,357371.06841,1107026.91452,14615132.53301,462568.8078,4708002.98653,4628946.441389999,572448056.7411201,28498101.00243,3313199.1628600005,1402213.51335,50919269.38648,1037858.8742299998,1779866.53741,3173676.6375899995,3579674.24939,635567.3301100001,1680498.09036,81833589.60858001,1941865.80248,8214991.21074,4866689.445030001,13512296.6121,24423756.41994,1145526.44134,1482962.3532800002,6873712.37517,616511.04057,271908630.5189,59959433.68639,3434237.33911,31100974.2079,816122.0547699999,3040263.6400800003,6635206.939800001,27106214.99846,2901289.40057,108513065.83107,1991437.52476,2545602.89276,99492354.45712,793612.7202,24499776.00915,444888.4614,1281270.46744,237277673.88292,167751759.91101003,70480531.71271,799490.28903,31167856.83122
2020/12/01,10606792.82652,304015.90935000003,1152312.60083,1545749.73505,1199510.64397,2511194.72601,4601189.54552,4404005.61165,1345459.83434,6107107.93923,1877588.88053,14823586.91146,398734.42336,4452906.79129,1933549.3837,352201.86919,321350.58168,1134149.14843,15066786.41356,513586.52474,5629253.30746,4397481.159320001,556545773.89808,30569087.295500003,3501572.65872,1412064.13989,52794275.76803,880192.08725,2041799.78269,3214363.2579,3485283.59104,602578.06034,1639161.73604,82042288.75735,2193844.9585100003,8238677.21286,4152251.61244,13151035.89989,24853361.2194,1059542.82022,1651289.3811700002,6948344.38067,644843.7462099999,268398897.67600003,60404989.34009001,3675075.50053,31805285.65555,850680.2591,3039312.51468,6873967.77888,27291320.66343,3244078.36556,105237271.56216,2064244.05088,2634662.5871200003,102980161.64195,873758.38852,24641884.33272,439727.29632,1398203.48196,242387014.14612,160382295.63724,73267193.00003001,815634.73471,32315635.42008
2021/01/01,10878823.26309,250521.94997,1580217.96019,1740514.96045,1499364.16945,2826117.76285,4601073.75315,5042892.01337,1400792.77974,7664343.48599,1975095.52191,16294504.00134,510943.58703,4634714.35163,1963748.15148,334651.75705,392758.20879,1301915.64998,16572031.376210002,468755.85201,6669350.19741,5563576.70066,566179319.9185001,28005375.252110004,3586646.6776,1388996.2208299998,52053778.91423,964750.61765,2085030.35443,2952557.73664,4256839.05117,624675.96227,1847490.29356,80871343.97868,2115271.77056,7901809.58121,3996947.35295,12174521.66971,26173800.29881,1110614.6626499998,1881596.13494,8561857.1001,708915.2433500001,268759302.6474,62824339.49791999,4151049.93216,37387364.84562001,882251.53977,3256369.48848,7723779.32475,27796241.13562,3205980.99847,113628316.55458,2328525.6851,3399023.05211,112494706.04028,1100758.51524,24715245.6761,451199.04716,1976152.96159,245631706.31079,151660867.7549,74638058.62934,891338.97631,36926291.93623
2021/02/01,11357024.92577,267973.31428999995,1036705.76524,1788692.4076599998,1501017.2682900005,3434149.17021,4544418.4273,4943762.963249999,1433415.78538,8834008.15992,1954279.88416,15627877.18284,412670.94328,4424608.470989999,1984242.28626,333403.11103,352052.6928,1350093.67786,16933646.26706,348137.16031,6908974.10982,4994563.022270001,560261598.85777,28124975.43062,3614392.72099,1365502.92935,52865379.89766,909992.52785,1955524.50608,3707086.01134,4412792.76175,691135.4352799999,2015827.72445,85590789.53295,2239665.28367,7826866.2958,3829096.69582,12773665.62522,26806056.61531,1152668.88037,1759136.62548,7823208.69466,805433.2322,278543325.81922,62464891.81391,4333628.81569,36518658.58009,838183.99463,3166437.60652,6999656.9774400005,27328901.75722,3078532.03025,117493463.52263002,2557739.32944,2745140.01923,111511057.32084,1050404.4630399998,24722774.27217,453522.13844,1714571.13172,236828268.27005,150670459.04825,72449199.56216998,884612.5836,38706364.48624001
2021/03/01,11483969.205759998,262714.27562,1043072.14488,1726178.9761599998,1720453.81163,3520991.35429,4724548.71121,4996333.88401,1475669.38024,7882197.48541,2046146.72098,15408682.940309998,436529.99109,4595842.81986,1976919.24899,332328.36812,309930.23971,1488147.17004,17383006.208070002,392706.13985,7236854.41862,5285452.503699999,561062326.9796299,28465164.44481,3473880.3343299995,1358387.71795,52668520.6349,931798.56274,1896680.58012,4313378.72841,3913861.55811,750638.84233,2250164.97946,85516056.74177001,2152888.96449,7944290.59637,3909571.15732,12012955.25362,26187788.8692,1306340.87676,1826152.07224,8145472.45321,745191.8997800001,279701845.27692,65064002.08460999,4432331.75392,34953599.33858,851501.7393400001,3195108.6084600003,6972747.238190001,27413426.79154,3136637.84779,118335544.58731,2820555.09579,3165705.08661,109940523.73769,1070549.67779,25476190.13742,452704.91809,2002669.06054,237061363.26594,149523513.93891,70322063.00324,875019.51805,40200252.46759
2021/04/01,11346905.57238,269358.41959,874533.03192,1952326.41903,1411018.56811,3380353.37745,4723526.11799,5086921.51868,1294999.63639,9157909.56821,2117184.8335200003,16850228.86993,388677.31514,4474116.46173,2004642.14902,320192.44561,314124.09632,1664536.41917,16556214.83243,457331.31227,7867614.806100001,5636170.28959,554920282.5585899,27690298.23664,3814112.98436,1360142.6297799998,51977968.80525,873125.5083599999,1870880.0987,4467746.30919,3227703.42613,727546.47377,2642919.6009400003,90170349.2985,2476529.65621,8030572.87942,4182851.02815,12119077.33792,27206932.60999,1385942.9227999998,1508469.87775,8192057.33012,703058.37952,288524033.62071,65579281.60382,4452258.30987,35216764.86838,854631.5794499998,3189528.95784,7231733.450870001,27599794.416620005,3479053.15775,113723223.41348,3100347.76309,2848943.5627,110644208.19925,1069259.3509600002,25888143.03168,447952.99123,1970553.53951,241407734.99343,139650565.56982,69113888.36397,803795.6092599999,41579450.38106
2021/05/01,11627638.96115,267923.12242,934786.03426,1964370.76663,1291781.6023,3938496.86756,4588866.22518,4969141.55846,1308975.7871899998,9303552.2626,1997222.25799,17835990.02912,463198.37936,4632298.316160001,1985850.60044,319767.54042,319578.17888,1580254.8096,16125149.19655,540922.76124,7913533.549109999,5388185.21806,557603741.87708,27917425.19865,4101872.80568,1336797.69592,49864845.4996,1233605.72071,1784051.4523500002,4345432.42239,3968572.22937,749927.1913,3213996.20737,96472611.05918,2540382.58495,8156372.215740001,4259600.14623,13090241.312220002,26823915.352610003,1665525.9618499998,1501781.92981,8180867.25774,755935.8146,290753315.76309,64294080.34683,4511115.94211,35967673.7134,842908.51123,3191275.21148,7227250.912479999,27449644.87634,3692376.71299,118823653.78353,3484828.38343,2747480.2837300003,111653201.08914,1235854.86932,26165774.85362,415335.14202,2206171.23717,243702562.98816,144004136.20602,70503708.99846001,743659.65478,42710515.91071
2021/06/01,11990081.91933,250574.23103,934208.26327,1940977.04526,1376043.53241,4911582.28581,4555948.9441100005,5185057.451640001,1555836.2151,10723647.575499998,2164306.61231,17450380.46433,382752.39197,4691694.79879,2022805.33551,355233.69061,312767.42675,1599222.87671,16700531.80577,528102.20438,9130894.23036,5448380.03484,550580707.3690901,26349122.98719,4078688.44347,1318718.5588699998,52724341.56695999,931083.3199,2003407.99185,4641060.177,4579767.63948,779171.58873,3298153.77374,92738036.58823,4072573.40781,8390469.945500001,4417000.86015,12559143.98342,27353058.98268,1535500.53497,1601227.18213,8629413.4408,746533.29766,290783132.45919,65853593.73888001,4721308.759249999,36963174.45113,852007.66905,3248794.73218,7394820.424520001,28480736.03041,3646485.79405,118997949.43862998,3528476.98131,2682837.25823,115229464.52977,1362665.93501,25389831.026970003,405334.01069,2273679.7919,252354001.09129,133465824.75363998,71950968.88232,955553.21093,42959632.13721
2021/07/01,12381111.75246,259203.51219000004,961085.77333,1998866.40816,1427508.03832,4456691.64095,5049112.53459,5578325.04266,1660967.60741,11155512.16816,2589448.71059,18103598.24623,357706.13152,4568436.38833,2126076.85345,359843.46519,309913.56797,1566219.81124,16415270.57266,511998.61259,11058165.539770002,6339812.67883,548750291.16003,26976931.15133,4101547.44636,1440617.9241099998,51766148.76332,1214837.28496,2072518.10939,4649487.722469999,4655800.44274,782161.6157799999,3400248.34056,95833419.12877,6270556.10613,8583314.81484,4577707.39317,12699392.891469998,28253806.11008,1778905.9910400002,1735874.70946,10193512.35843,732904.8894,276441936.74131,63899718.11,4391082.82323,38011846.93556,870282.22598,3133459.3942,8091342.0909,28611531.48646,4038614.93127,122471901.10124,3629521.08224,2361614.71602,115596671.67419,1820788.31804,25226368.45142,492942.6503,2349666.91618,246810242.85903,134720201.63489,72622090.40439,1159971.21187,44734355.72384999
2021/08/01,13195177.2714,292047.40894,1005938.55511,2039077.66652,1467513.65666,4969572.94058,5018513.01264,5610536.664220001,1817427.88081,12487624.02416,2700076.60689,18844290.76337,401729.51612,4211333.49971,2088451.05017,347249.58298,349423.11806,1620291.32927,16148921.36643,522194.3174100001,11337333.33466,6063846.17024,548026291.8194,29317967.87996,4011468.72988,1433876.58048,53695670.28888,1055316.4118,2021581.62679,5022632.97135,4903734.520070001,867722.80931,3547036.88563,109270544.52309,5969331.0616,8917483.47845,5116003.779370001,12964296.70906,28326672.50912,1823151.6505,1802441.22547,10700554.172889998,679187.2071,272615869.87454003,64642448.96609,4576247.82386,37285643.68277,872026.1392100002,3170935.62578,7553433.1081,29533950.54753,4131507.66661,124630547.40933,3809663.72301,2454604.78106,118495463.75621,1962965.08706,25638247.022430003,498523.33559,2328625.44009,237028706.43439,128559120.20072,72459429.65937,1170352.26263,47636326.61043999
2021/09/01,13731311.40337,268913.8019,988137.09202,2050444.08563,1448127.25721,5092840.136,5013318.81859,5754707.02232,1713079.03658,12925615.50182,2443717.45426,19282708.74355,351113.05568,4174864.2124,2072681.38082,347368.44046,341600.20651000005,1604851.64691,16753097.045360005,547800.53241,11890904.66585,5647351.596489999,548487622.1473299,34493996.36709,4253895.981509999,1421106.9751,53317702.84054,985068.62705,2014333.57508,5046215.04098,4506635.76471,955041.91583,3598647.86638,99906500.37433,6178776.38695,9140328.255,5396603.86765,14560842.33696,30022768.19104,1814082.04864,1960035.84557,10483913.77962,707394.73418,254538577.87985,65765118.033010006,4621119.71212,38605471.16998,875595.6239300001,3180921.03494,7814660.92276,29284065.77141,4116352.65687,124664080.24136,4053634.53713,2411633.0499,117096908.40007,2124838.57286,25458135.84129,498068.82451,2347580.28702,241973055.1088,124417278.70397,72836032.86136,1312305.99401,49029391.87308
2021/10/01,14840883.50926,245699.3725,1073907.42387,2117714.61372,1491505.22652,6655967.14413,5016589.83344,6044393.4241700005,1640446.64853,12837330.6695,2588564.27448,19781862.79398,357206.05639000004,4362298.77989,2095726.90119,344396.52184,381359.98988,1758053.0342499998,16881608.456100002,491607.2246,11825100.532940002,5901850.88305,550327570.4034599,34381156.69081,4059483.18522,1443821.95652,57581017.1447,1022818.6485,2093912.87597,5490717.00567,4416073.93447,1066010.63901,3697980.95822,111767609.60111,5394885.4234,9405873.95951,5676024.03142,15373504.96138,30467897.49492,1765512.4486099998,2163861.78477,11002675.60194,716523.02463,247440962.40225,68058282.79502,4795915.88094,40722966.04634,878043.9173900001,3253216.7219900005,8377363.559130001,30007710.63584,4172814.97999,125025499.01558,4285469.69609,2702983.02919,115433763.62854,2206134.79465,26187898.51986,609078.5183,2130409.6989700003,233011662.5384,121190175.25804,77558555.49386,1504787.54063,50870195.81734
2021/11/01,15381037.54608,232000.38744,1053548.90625,2096056.79473,1514017.81132,4588758.97789,5298035.91897,6034652.08898,1617719.6454,12720226.81312,2575479.23496,23632394.64542,391217.52553,4137866.84571,2063028.77805,343449.75219,407733.4281,1736891.39529,17874079.92664,511909.60131,14176148.80478,6077774.39839,552367718.88722,37036565.84464,4572603.20126,1378028.56801,59177345.78823,970565.15244,2070763.96569,5303331.012010001,4517597.659109999,1036130.3283,3584030.8756000004,110279499.53319,5177161.76855,9573947.99139,6560657.73445,14331169.8673,30857570.45267,1665745.47711,2121246.43949,11298374.54588,685218.07974,239328624.06456003,68025786.37357001,5152097.55599,39249426.8845,938178.79524,3313532.1925000004,8166940.73405,30462186.329310004,4386896.46252,132363039.94672,4294139.29093,2427908.4642,117112428.28707,2232087.83053,27549327.83467,605160.9641299999,2228054.6197,228108873.3968,127272216.09223,74930073.44074,1680979.20855,52780579.88115
2021/12/01,15442960.06738,230811.64024,1146637.17386,2246710.2267,1822973.17041,4216337.12692,5692771.132119999,6169930.88937,1880882.03059,15253437.6749,2593296.58105,23412804.96781,360455.83732,4106946.22434,2199703.0592,365834.60358,411870.30926,1585345.3348,19158634.8459,485082.20732,15268845.59672,6781010.76016,559268905.07666,38938085.368810005,4695164.37659,1404565.46859,60276791.47538,969689.94386,2172144.95632,4857319.52158,4571025.37151,1068472.02665,3387985.99479,109845289.135,4047195.46309,9759294.51183,6264395.07125,14602760.104680002,31240157.85062,1605087.18687,2117880.6675,11690065.31347,741955.2707999999,241213056.92993,71265575.17475,5365416.94599,43360507.52678,917997.16097,3381405.76933,8660956.8263,31002069.84354,4541879.63576,129066325.50384,4543844.87298,2708749.38691,120753373.31777,2297446.60993,27942726.83954,678353.95796,2458478.57711,208405510.79671,128834085.983,77000463.48635,1906084.94572,54024197.06444
2022/01/01,15951074.99147,228057.34137,1485007.02141,2244033.46691,1718346.3514,4209745.18015,6041398.5517,6638748.11857,1645861.95415,12004835.40736,2395561.99542,23562199.10624,461868.59472,4340722.795419999,2437936.64936,335096.90831,437300.85465,1752174.72249,19859926.73829,455001.4524,15807910.87332,9109869.49573,582851091.40566,33770215.46966001,4370325.299129999,1390645.10831,56671964.35889,1276155.15048,2328564.36308,4824737.1994900005,5347645.064680001,1008203.48089,3264289.31318,110134995.76354,3925570.010950001,9951302.15037,6408047.14707,13648408.09934,33989948.0587,1569761.8250600002,2569463.65893,12596070.10438,868806.3901600001,249937975.30984,73425467.53441,5767175.034200001,49027712.872590005,862117.53755,3495002.19499,9473459.41528,32301758.39658,5441940.78681,133651482.42881,4834170.32437,3203313.5221900004,125348950.20193,2610584.44999,31646069.07357,730936.69912,2923208.17326,210062742.72085,130263425.71775,79519997.79423,1968885.8538,60207207.45259
2022/02/01,15840516.71176,228246.72777,1360902.90076,2125315.68927,1859951.30865,4284306.36078,6004068.84503,6506131.509,1578789.5504599998,11838218.63123,2813189.10442,24830203.12614,394420.7714,4301579.41803,2334366.52439,333628.74785000004,447997.98139,1783033.34169,21019088.8577,470770.97536,15003674.62196,6990967.23313,565071463.89378,35788004.79381,5009005.002189999,1343898.40705,63239584.82117001,1046396.02961,2118653.44618,4737395.76105,4399706.288319999,806194.2553699999,3250794.15744,120921328.35458,3976251.43389,10033363.69471,6252419.7851,13359229.49954,32507699.38323,1688898.90926,2353318.66321,11855502.09336,886907.5902999999,241853335.70422003,72346435.00161,5449693.555739999,49137168.1887,826535.2989599999,3413443.99225,8881251.584449999,32524750.9639,4559527.612910001,134312238.75734,5050456.09146,2793015.25606,127940810.42412,2560561.7837300003,31511271.3142,729501.37038,2770968.4139300003,206674336.49710003,128209465.62209,78806658.39772,1780790.47591,58896763.09451
2022/03/01,15964753.49448,225953.70738,1325135.383,2224790.49463,1610702.1230799998,4863627.90235,6401095.16658,6759530.521160001,1693466.33616,13856247.35053,2999716.25349,26537932.2954,319793.11966,4138103.8401599997,2232075.94072,334666.88468,440279.90365,1685062.6677199998,19207491.74523,423543.35667999997,15478230.90173,6759959.915289999,571577556.2053499,35650530.614760004,4948829.53114,1290544.68294,62657158.62566999,943650.2971299998,1948486.21208,4323832.5037899995,3634974.21202,723275.1564499999,3608494.0196899995,109491954.54011,4101083.4296399998,9986940.14966,6159081.19295,12977419.658459999,32212166.18332,1685702.20425,2475845.77055,13290750.254900001,859715.36051,248003177.80701002,75516582.19668,5213324.435409999,44025141.488230005,â€¦,3350382.13492,8591433.78861,32410464.89051,4646150.6118,139048892.22832,4965062.42277,2289876.26536,123773599.4918,2484498.4511800003,30631608.57733,744384.4354500001,2481254.72952,214807573.81099,120825949.76647,83567380.14865,2087206.31221,62125538.80593
2022/04/01,16596939.90175,221619.87313,1452352.1376600002,2132970.4147,1775672.11043,5613487.53632,5736281.1845,6511587.96619,1674148.2793599998,12669957.23963,3430908.6463999995,22448765.27433,322532.54287000006,3436142.1884000003,2216478.68954,337997.27658,431031.42309000005,1626739.00415,18625182.29835,362563.46881,14379975.29629,6252519.000929999,582213774.1277499,36420144.93037,4926953.25994,1280864.0880399998,65697643.93003,854322.9715699999,1910026.00909,3605835.49789,3630282.25799,719509.2044599999,3017417.1216100003,104154455.03533,3148857.85119,9926119.14321,6228245.50082,14179330.26851,32396708.83607,1682495.89645,2218053.82058,11972092.793970002,927593.9185,250224048.60759,80208739.40789,5557690.38339,39532322.01743,817080.32335,3247938.26826,9284926.014640002,32560763.5899,4086445.72869,137572202.16439,4702783.34566,1906459.46103,114757360.94824,2522055.38321,29728842.37358,688253.76524,2295823.65852,208758746.7789,123605176.03056,85856683.02164,2033367.74292,66452395.02165001
2022/05/01,16155725.012579998,223343.58974,1390936.3528899995,2078584.46977,1663584.2977900002,5037746.172460001,5705313.306650001,6438385.574620001,1730494.3665,12188871.252539998,3112114.4571,22323623.31317,333820.9394,3747663.406800001,2225635.5418,339571.69957,398379.18577,1598634.0848,18376774.22916,357402.89403,14715867.91247,6192612.8954,592380163.18483,39739909.21382,4424975.74342,1277585.25461,67544941.09646,810960.98239,1964150.28097,3576903.4613500005,3921179.13651,726689.32809,2649241.16949,106122580.95228,3370982.61635,10138285.81457,6129003.30776,13695617.534140002,32546407.47727,1571451.43916,2294231.56135,11832714.56021,712704.1121799999,263697832.11918,80505540.62812999,5624341.03134,40149522.50428,718413.74613,3239793.9463400003,9076198.73218,33020662.01184,3902702.73135,144274292.48360997,4687398.382900001,2454545.2692500004,112566519.61548,2591832.39267,30651824.97544,693438.7917000001,2190686.67054,206942177.66856,128291308.2651,88038330.71344,1993354.05012,66071430.80959
2022/06/01,16759178.13598,220084.33268,1335934.36257,1971862.60758,1588156.17753,4738093.06209,5563821.2751,6526806.60725,1694174.34789,12388596.08077,2987971.90534,22471152.9375,314587.51698,3977605.4436,2344709.53599,334606.96585,397125.51934,1574116.47645,18829401.13754,353803.99115,14725781.69209,6089003.0693,606634946.36693,39049856.321,4533017.36849,1319390.9665400002,66567783.618120015,807489.6735100001,2043582.28534,3220842.9458700004,4469393.08292,714161.46141,1617928.5222999998,106496729.97394,3675451.0303,10385655.26869,6332530.706789999,12685918.340690002,33974043.699329995,1455234.90366,2038376.36908,11374490.3928,808728.48435,257059880.72918,80302216.75421001,5937993.43618,37639010.89671,763810.41455,3353475.92738,8998585.62221,33843243.97758,3946938.64782,145378066.20233,4657788.0137,2626139.42361,107350523.00429,2612065.83239,30776426.21292,678771.27423,2092369.37187,208857431.93838,129520506.1006,89486399.01280999,1916099.11379,65705740.8226
2022/07/01,17356999.018549997,215741.4064,1203599.01974,2128399.54804,1569397.74018,4084485.92022,5396557.53189,6668155.52766,1714066.92763,11568305.33834,3558921.90076,25508921.45336,339711.16178,3387903.78123,2339680.11437,332610.99382000003,403860.23652,1573717.38934,18033478.54194,366288.9660200001,12718952.48755,6742806.348649999,656975376.13299,38081798.56348,4660857.05932,1354132.677,64285519.85272001,843471.90852,1886939.53029,3478515.33602,4657295.32612,739049.37786,1564452.59558,109916178.87801,4057157.24662,9820429.13147,6777133.4808,12527173.2031,33987404.35274,1452837.01221,2205288.4085200005,11356431.95857,964186.34119,246263858.61041,80400876.74834,5111724.47088,36365570.88978,760331.01667,3315174.01035,8864009.851049999,33672420.30433,3771298.003610001,148240165.15913,4642893.69205,2738211.26614,104026469.83728,2346890.61118,30370055.831770003,653468.5568799999,2283672.45391,228608405.51357,139671405.65346,91476761.32767,1523416.87945,64682088.1682
2022/08/01,18171492.33618,213692.64856,1199973.21179,2120405.99613,1640959.42741,4105703.81414,5595895.246660001,6751392.40638,1694912.30535,11943130.85391,3651417.97673,26251947.48786,351360.35728,3382204.17738,2515343.94507,331614.52493,405146.58388,1649427.1189,18562385.42299,370529.95037,12058382.08224,6274867.97975,693177058.2729101,44546209.44885,4560418.13737,1412137.2949700002,70827945.28833,912937.3929,1942766.4536,3739937.00823,5417772.212300001,799880.4224299999,1434745.48213,116781509.5391,4477802.322,10158869.12933,7971060.50276,14748397.4947,36278430.78656,1569762.00619,2739508.0217100005,11514565.22804,860866.2723,259992709.09364,86441307.29364,5393485.289410001,39661103.88656,820925.99596,3465350.84452,9846572.67152,35793451.429419994,3615378.38498,162284153.69825998,3984092.5151,2985994.66535,112666536.34001,2369074.15985,31284066.04077,597716.4957199999,2050495.4577,260293031.47815,155364190.81715,101276189.2181,1428048.47784,70613210.63690001
2022/09/01,18801718.33062,219395.91478,1160601.54858,2040697.07588,1550694.18922,3988806.55289,5459736.25743,6978126.233270001,1553013.84312,12196883.68848,6275920.96856,26592605.7273,333796.35875,3498507.53139,2522776.99648,335978.34616,384940.35905,1769137.99775,19006792.97289,280580.95059,11363060.25391,5915277.721229999,708127678.51092,46295848.52868,4877196.978730001,1422570.7460200002,71339717.47416,887463.40481,1989584.60626,3175814.72526,5504069.26182,808088.87186,1439029.77909,114992518.89224002,4840590.979189999,10266040.27641,8024946.9344,13835309.514409998,37916725.48584,1399638.8222800002,2269870.40062,12484007.59003,883539.91715,268216694.80778,87115684.22971,5369360.029240001,39338752.30038,812558.85101,3587383.68603,9748558.42339,36181758.41991,3517866.03936,158187960.1113,2986839.0044500004,3382534.1693,111156517.80716,1797963.64202,30700404.0809,459162.56482,2023889.9854,229065329.63784,154782988.89049,100962400.04683,1619065.19079,72421504.21657
2022/10/01,20286333.18697,213383.52631,1167398.59505,2296932.83079,1602560.5086599998,4179867.21622,5394116.61713,7087828.36397,2158716.54551,11832373.39058,6333874.671789999,27160318.353510004,363213.54218,3722049.80593,2475738.24071,330995.36551,380591.03519,1636954.93528,19073294.882590003,286300.79532000003,12439395.36835,5797097.30422,688103235.90882,48103055.60676,4933666.75287,1414980.08662,71458240.21831,956705.74519,2014396.24883,2973339.42797,5464226.07637,862293.0765900001,1453147.13579,118542986.87712,4561624.394839999,10198446.1973,8149689.19614,14771689.05251,37322529.22772,1368449.80588,2195157.16898,12825095.6448,891542.6331600001,268697567.4373,87201611.6822,5398860.5373,41031040.89737,797356.10582,3532692.27408,9877004.76971,35903908.50439,3673632.63466,163298878.16836998,2497877.75353,3629800.27327,104559924.61227,1642744.00503,30008687.67398,331797.71185,2318693.68127,245996236.73435,160010063.2759,100815880.56478,1843686.54651,78254434.79125999
2022/11/01,20377257.70344,211519.62147,1341657.1052700002,2256078.3679400003,1679268.8554399998,4038978.6683,5343408.70766,7461108.65042,1573098.26411,12066784.125689998,6715775.3442400005,26757146.92785,349660.43017,3469699.50146,2459985.73005,335778.02335000003,391746.54074,1610952.85764,19590043.72519,284627.07931,12570534.07245,6302136.85894,706142178.75302,51835643.68321,5402682.88107,1420140.25097,73362782.66304001,952498.80199,2054315.73123,3347772.55767,5483225.64063,854313.60068,1210697.32376,123817595.23659,4321500.28877,10372927.78987,7595697.076239999,15847649.907460002,38818606.48910999,1400553.2949100002,1968219.54869,12217585.104309998,932931.92508,270806504.3327,92781008.28507,5850122.65646,42963293.17976,810809.3083599999,3571343.10284,10150884.37364,36176136.63768,3682414.56506,169193492.4647,2289971.63326,3730693.22707,96066305.15031,1728854.31787,30411131.18302,296713.96232,2323494.32779,267423050.11299,155456514.48958,106487152.98882,2438992.36429,81072383.53185001
2022/12/01,21321763.63446,208836.06289,1497436.69038,2636640.89442,1615905.55853,4889228.38752,4755699.77132,7461272.24665,1772534.44974,12148083.40503,9593669.80951,25623396.68619,360923.32869,3564509.81099,2576683.72664,333803.70534000004,420601.38637,1384526.07834,19159078.18625,280512.55399000004,12961526.25448,6037140.71455,710086414.31086,53914486.26177,5007084.82252,1444251.05611,75154818.57112001,967428.41928,2101028.24297,3607982.06737,5252361.80281,877907.94357,1184301.39516,125366551.4684,3797308.96901,10457558.86559,6914132.374569999,16764759.71573,39884574.18679,1369840.2709,1623518.0631100002,13316205.31726,1001316.0707,282828210.61815995,97612810.49727,5894882.38805,46044810.87096,815061.4752499999,3882537.03544,10238969.61603,36411603.55455001,3781689.77632,176110653.85202003,2251661.75428,4013760.74601,95493134.65873998,1928100.57526,30748779.585240003,279832.86559,1695033.63754,252191770.75473,150030242.16,106513295.45543,2106227.56899,85248199.89927
2023/01/01,22072445.27729,212971.38566,1910234.8079,2776911.09726,1741550.71686,5898280.724839999,4738438.065750001,7617356.98843,1667324.54498,11195715.79772,9538838.01195,21299395.99636,411625.81465,3934821.57025,2684567.72756,352015.44641000003,430680.77871,1456169.66147,21167609.65639,278741.40865,12519342.2223,7654343.02663,737413903.9701298,52198493.21167,5848833.351519999,1382274.39903,79245229.09144,1174594.3592,2275225.711,3451193.81991,5315570.83749,966070.84906,1179639.71492,127791944.34312,4466502.40802,10184615.10928,7013805.709980001,16022897.92113,41619657.38385,1509245.60656,1527650.45617,11408834.33963,867150.4916000001,298158416.9177,100416887.52636,6436005.33974,49655164.79508,847597.73369,4463363.08842,10552087.35638,36552409.92399,4290140.167280001,187290030.47866,2583416.1962,5319449.70072,96063275.70045,2171866.44017,32413600.46296,278077.32897,2367366.29352,256500983.59949,146351167.56440002,113072946.86456,2344821.4692300004,95220717.84483
2023/02/01,23142458.29454,208979.98313,1441905.59508,3486420.09186,1726425.36918,5598892.59607,4614202.16795,,1609268.75773,11160893.82832,9981123.30083,19659169.13728,358055.81330999994,4069181.91545,2635007.36397,339625.71896,429778.20308,1374521.69011,21245815.19947,293939.64712000004,12332638.10444,7126478.53608,731936384.15603,55465652.70705,5759675.603370001,1390428.83102,81029187.35808,1186237.3710500002,2199083.74638,3457058.09177,5645590.61797,1007207.88975,1168854.07886,127843757.10499,6386492.64962,10600025.8378,7985358.922839999,16223581.51828,42532651.8409,1440629.0107,1606515.1327600002,12037139.68034,777583.6087,301562537.82942003,101364676.98321,6364368.3003,47277759.603750005,863954.3620999999,4347998.356829999,10389595.09787,36834125.74875,4272919.99221,188670725.42472,2418907.55162,5514276.142200001,95000426.44226,2281145.64908,31750675.3071,277870.84883,2760715.5203,271961007.77360004,144123879.43084997,114267252.90289,2201139.23824,93099100.35741
2023/03/01,24148182.77273,215778.60278,1622805.58306,3309879.91033,1739392.80416,5973133.078439999,4110436.97309,,1757870.98222,11910080.80211,10129017.50768,19512204.79712,403463.47184,4304658.269069999,2707130.72909,340162.61369,430057.3814000001,1871939.3694,20560016.52411,287701.53999,12044610.8791,7826786.976389999,740266026.4433,58676980.57807999,5784110.93858,1349640.0317600002,86045834.92471,1118831.25397,2138076.5296600005,3359320.07091,5603453.888079999,948748.04792,1106143.6501999998,126981496.2105,,10348921.156659998,8663868.75666,17268551.81826,42239391.67699,1382675.33744,1639106.1491,12206874.56163,740537.09089,311188457.10998,97864481.0202,6159259.86297,50250418.57133,887264.2569100001,4175395.95579,10337458.24585,37035488.04449,4178515.51764,190214931.40297,2452262.07854,5393292.14924,96877283.81315,2335059.05298,32021323.62896,277218.97805000003,2480370.7653900003,273653286.16257,149044279.63184002,116802518.92734,2143465.5717800003,95724631.84081998
2023/04/01,23927839.74002,214066.80916,1402788.35422,3768465.70714,1924436.86769,4680551.19499,3796283.96824,,1678657.63967,12892089.89848,1522435.59872,21588446.72091,447078.59513,4602107.29895,2693298.37963,342862.43754,427420.25512,2336899.4889,20976177.90717,282555.41116,11861748.979479998,7071653.16334,747828774.4273,59993458.646680005,5171601.544910001,1329255.9168500002,92905019.04594,1200748.61212,2243377.20029,3529298.39984,5670368.47144,970237.01605,1081783.8870400002,125321935.64822,,9960408.23187,8466747.94702,20551072.02574,43856251.36712,1528901.29237,1472368.61519,12960218.63104,721402.03532,306305522.99104,103981028.70621,6881573.55413,50736231.71482,871057.44936,4008306.23172,10982435.81534,37784681.16454,4544967.25524,184303689.07911,2506237.77962,5115378.76597,97653529.63283,2311002.3965600003,33682260.52915,279460.56059,2234812.92361,269517252.62737995,161091141.80341002,119513893.21256,2222999.65658,97958950.10313
2023/05/01,24166058.95751,213978.11117,1377053.32791,4488215.29331,1874754.63172,4725781.57936,3786377.42503,,1716202.64095,13900640.11162,1560636.6928799998,20375165.28432,430215.14269,3910218.1341,2798732.95702,342971.3954,375827.11222,2294919.13055,22616568.68833,281802.85903000005,13131784.28956,7411308.518649999,759311422.64436,57685693.56659,5069117.372459999,1381479.76594,93392254.52893,1187390.6097199998,1926939.97746,3403661.6353700003,6070421.77964,874391.22767,1048714.02795,128576984.82842,,10097248.06231,9766194.153569998,20922417.53883,45498740.53772,1490633.53209,1364669.3566499995,13097414.50636,795633.12243,311898177.67059,108367392.88292,6824433.017940001,52083801.21311999,896151.82371,4216908.88725,11036834.4623,38324661.83997,4654706.94018,191455603.44124,2383807.65703,5388645.23844,97191989.46095,2282405.75893,34427827.79717,283548.84494,2144830.04028,275462519.78698003,164381770.50481,129812504.71449,2187615.84556,101030723.45542
2023/06/01,24694745.28245,210410.56731,1484247.42097,5021498.95716,1885132.4691200005,4833312.0378,3817615.51755,,1728391.69789,13824691.49519,1501492.31624,21054315.25675,380151.922,4063017.74415,2849866.93875,338589.74661000003,370272.05235,1405962.1221,22793906.57257,273137.55564000004,15056259.35999,7820058.293509999,742433484.06888,61483082.31427,4908707.44154,1324939.70102,96744837.50489,1283309.37271,2002674.72297,3483899.26262,5883846.88438,806500.11479,954928.853,131956452.18873,,10240736.45757,9456745.62193,21237705.83071,46854056.01113,1529433.97228,1290874.31817,13903426.254670002,739764.41232,313652628.93174,103327424.79615,7156519.350009999,55058789.21946,873060.4454399999,4293869.41402,11044777.19662,39205271.99856,4796619.0018,184200274.05228,2556110.4187600003,5361734.266900001,96637567.42859,2381966.6446300005,36063326.05176,300778.26554999995,1965602.62595,274045567.20987004,171285577.64812,132160651.97032,2608906.99347,100240406.21136
2023/07/01,25327807.23215,210510.26265,1567007.72528,5535198.85599,2132081.98875,4668801.611729999,3827679.99896,,1517148.36867,12418742.25778,1363272.30111,20524488.63841,435791.97777,4584401.226009999,2957673.72364,338885.13224,355417.14166,1277426.09968,23190042.23328,271606.11327,14688814.915089998,8529773.9094,761943462.32789,60965253.50262,5703013.107369999,1364392.0291300002,100915637.30612,1297716.89024,2198743.5796,3430429.93703,5113513.563829999,836669.4351900001,920728.59819,137657339.37212,,10057193.829209998,10043745.44812,23003767.32738,48450639.46631,1524644.9013200002,1219476.5912799998,15196016.64378,783895.3188,324741437.87735003,102593138.95055,7364834.5515,59638331.41559,863106.77535,4326916.03694,11572657.48354,39095662.47862,4914829.18801,187426793.51198,2679024.37938,6639108.90493,96615246.98116,2532376.58577,36472869.22583,314920.30476,2465301.6790499995,279111515.78002,167972294.07729,138147496.62741,2943997.84797,101700907.40904
2023/08/01,25180112.775640003,212854.72115,1566560.5927199998,5317515.808,2035482.79657,,3984350.78538,,1526501.5250699995,11972141.48232,1447096.49904,21024464.80207,401763.75934,4491545.730629999,3071188.2697300003,341608.03313,359190.26452,1404344.8127700002,23630948.23331,281050.64268,14543405.56071,9490733.93821,777563028.1255399,62174227.57749,5979375.28364,1429184.50092,101438065.25958,1561519.6652300002,2286588.44027,3468212.4234900004,5067684.872010001,813909.8168,511921.98437,143716766.47097,,9913078.337730002,10937005.79506,23507227.32519,50123982.88816,1473578.92175,1292261.7557499998,14855617.62878,781949.54438,335579158.44024,103530147.35376,7263759.283089999,60719905.89595,872712.19667,4363972.829700001,11445582.17077,40416501.16016,5213184.24081,193923389.12377,2827101.22296,6735500.870260001,95782388.45052,2576963.73699,37723591.91964,332797.47252000007,1745566.03137,281057574.57478,172854258.75215,142382553.92547,3027300.60576,102995590.06555
2023/09/01,25596522.87607,211932.77038,1369667.6717599998,4845337.67844,2060231.06008,,3933912.46837,,1224122.7656200002,12405201.91852,1521608.30669,20324104.00539,396310.58275,4111603.28853,3119259.946,341529.81967,345774.89733000007,1471074.94829,24185997.10463,300618.00815,16484571.281610005,9942329.8023,782315567.6145099,65622074.49231999,5687441.5553,1369323.2502199998,101149391.44913,1486971.65358,2137809.30649,2463018.17785,5129419.62229,786528.99496,502018.44932,145029213.73920998,,10185506.42252,9683064.80177,24085116.38477,52054276.99086,1466967.6113399998,1204625.97841,14838329.18205,711391.9585300001,337985587.86592007,102694200.60176,7703557.706329999,56426925.6136,872399.13307,4448338.048020001,10699356.56642,39737886.15984,5390731.78487,195037504.31527,2845310.06196,7388704.10874,103395282.04577,2659246.16815,38260608.81618,353530.93586,1340040.90015,269629732.51203,168602608.45902997,140602521.71578,3126287.91154,104224442.75586
2023/10/01,26496036.52588,211615.42902,1448670.21207,4680553.53012,2083207.94062,,3934011.66305,,1132937.8535,12858305.164360002,1334811.4167000002,20746198.32503,433024.55867,4058123.00803,3097637.68144,341518.98303,342976.06665,2852315.63144,23218946.72847,294318.96193,16379857.71179,10810362.57324,798779234.44881,69149529.81242001,4958740.49109,1382452.3671,100365221.10966,1444910.4803,2016085.03669,2478667.22442,5761908.27189,797035.42892,481716.83958,145751639.60062,,10156231.23678,10757155.85111,24863218.62205,51498091.53635,1437253.17867,1214557.68791,16235591.56779,789796.92918,343000055.84053,103135106.72097,6880307.895659999,52648246.95394,871645.8268500001,4657580.28602,10613397.90472,39773146.97659,6061590.98162,196352014.21639,2933367.27832,7989329.491439999,107971270.56714,2698993.73225,35868786.879480004,421027.19781,,263458512.56099,166436062.03035998,137397115.96493998,3180008.66885,107572479.60787
2023/11/01,26713793.7458,210908.99187,1383685.67697,3752475.35394,2635509.2527400004,,3928285.78361,,1374022.54244,13068922.48632,1086151.1607100002,21227658.279670004,401508.39693,4219194.61476,2985199.11437,342100.66039,337644.50201,2379249.8619500003,23302706.79837,285236.9841,19556242.64856,11072609.34134,804145626.7891301,67345747.32234,5093568.0204,1422976.11762,105617456.88935,1330172.0204200002,2141957.93391,2259122.72783,6653354.34056,848263.0904800001,485214.52368,147681699.04767,,10343815.4268,11256950.46031,25381111.66821,51859308.159200005,1312012.33027,1223747.38319,17041098.765449997,777922.56372,346855449.15183,108562675.20675,7257145.58122,53931669.24079,883994.4282500001,4611442.65584,10850754.04813,39666713.72472,6285279.350199999,194436266.8538,2874094.96742,7986963.402149999,115572839.22047,2844724.34158,34435167.457150005,353454.96624000004,,255011438.09945,172240288.53358,134549461.21936998,3118198.23534,109798919.77192
2023/12/01,27628774.86444,205650.6629,1462045.8670799998,3436972.558,2402183.54602,,4001891.31851,,1547379.5023,13325150.43246,1173482.88907,21074043.44188,399907.08139,4234310.44157,2922105.28524,341891.06952,338521.82047,1953326.53608,24525247.10149,309267.45292,18639289.39025,11509305.97884,833028582.93969,71502207.16376,5053688.64285,1441868.72478,103072437.81694,1301021.0878799998,2115828.14523,2244831.23349,6531545.12309,891039.0060999999,465734.09282,152667901.64231,,10480776.18099,11745225.92748,26072574.2155,53070624.22048999,1320163.39999,1250509.23097,17381861.408379998,805893.37845,349829538.20150995,106380055.66071,7288206.26264,55182518.64721,929449.21214,4712168.317,11105422.63455,39651659.593770005,6591613.4377500005,197837927.13371,2987951.53376,8783067.60297,123662238.16131,3003660.34894,34918644.19205,364215.1741,,255240526.23904,180855841.59097,139453880.58437,3304224.0097100004,112473347.8801
2024/01/01,28162092.9646,203799.84078,1622837.12114,4122031.90724,2702550.64716,,4139697.24897,,1560987.33209,13716111.33968,1364032.58054,22599243.08675,511862.53562,4354408.657210001,3338337.78792,324890.93988,344972.76066,3367251.65268,29800324.61204,445116.9261,21152527.00509,13962450.02946,878249698.57327,68945978.37825,6086458.42753,1443062.0239100002,111086018.89543,1263147.16531,2615866.41526,2420695.68172,6562594.275939999,1271659.86483,502307.95115,162546189.42321002,,10805816.45486,12027798.70005,27219347.48139,58818708.39104,1308783.38553,1083580.64131,19220255.66125,880446.0862599999,369648417.15736,111011180.56698,8452561.14029,58527274.57726,920856.11986,5098759.88299,11228171.00762,40811402.23236,7833841.88907,203552185.14412,3937935.39611,8062310.930310001,131199437.77167,3244634.01236,37535281.83336,413649.93596,,285416620.3565,190282631.39727,147102938.76042002,3596124.47071,127159475.75417002
2024/02/01,27366892.84822,202845.04164,1575141.4208299995,3812545.70254,2730007.04724,,4291142.018759999,,1519171.73207,13325655.943580002,1042938.4869,22131051.99503,475855.50012,4306961.83148,3162718.68971,336526.41472,341655.0551,2554414.97942,26821772.97144,365953.54594,21570047.07792,12086601.24949,862636105.1868,70121395.03422,5693711.1895200005,1352212.52874,113854774.04768,1341332.87939,2549873.47189,2412223.04781,6602841.02261,990018.19856,433928.75735,158861363.85627,,11082656.64103,11130354.26204,26729113.50391,56229636.07021999,1290546.58694,1251168.93816,18679422.456,878496.16901,369564190.026,111291185.12854,8329582.325719999,57719735.69171,901178.64736,5150356.75205,10962195.75328,41503201.42829,7231647.626300001,207941863.76147,3290573.98714,7914259.435870001,131899447.70109,3352388.204,36669050.603750005,482309.81183,,274647457.43218994,189991193.9953,148079268.08569,3604852.16695,119697841.44896
2024/03/01,28183753.55494,191846.45545,1593926.9689899995,4689533.07396,2666192.72094,,4214019.42547,,1548946.17446,12872654.51315,1298328.20055,22792525.77938,479671.38143,4239464.1659200005,3055505.763710001,324183.53967,335088.63736,2856146.74875,26762601.12069,307150.35344999994,21052168.97497,11415504.16404,848643343.37598,71294269.3521,5800112.65793,1339615.5133300002,117497901.52943,1376675.03121,2323916.90292,2337281.72843,6932500.67699,1032756.03114,449277.46079,163011158.58827,,11011661.88434,13700987.96985,29209725.37346,56553969.31953,1187349.26708,1329033.05859,18659569.636530004,913408.44127,376361059.12974,111561819.82976,8150002.06654,56889301.50344,913067.38383,5167409.60776,10793270.24136,41955662.36902,7205638.998509999,212149624.20099,3088100.68574,8180901.09794,131636610.20716,3044019.82133,38465381.45798,523734.3683,,280032382.08674,184450775.73684,151159987.23623,3786997.09712,121345459.57233
